pop,t,freq_O,freq_Y,freq_B,vizinhos_mean,vizinhos_mean_O,vizinhos_mean_Y,vizinhos_mean_B
0,-1,0.3264,0.3331,0.3405,0.0,0.0,0.0,0.0
0,1,0.2831,0.3407,0.3762,2.504,2.2310137760508653,2.5265629586146168,2.688995215311005
0,2,0.2468,0.3483,0.4049,3.4344,3.228525121555916,3.4349698535745046,3.5593973820696467
0,3,0.2184,0.3399,0.4417,3.7932,3.697802197802198,3.7764048249485143,3.8532940910119993
0,4,0.1965,0.3154,0.4881,3.9248,3.8900763358778625,3.904882688649334,3.9516492522024174
0,5,0.1797,0.2953,0.525,3.974,3.957707289927657,3.9634270233660684,3.9855238095238095
0,6,0.1666,0.2734,0.56,3.9908,3.978391356542617,3.9853694220921727,3.9971428571428573
0,7,0.1539,0.2422,0.6039,3.994,3.987004548408057,3.9884393063583814,3.998012916045703
0,8,0.1423,0.2186,0.6391,3.9964,3.9971890372452563,3.989021043000915,3.998748239712095
0,9,0.1413,0.1934,0.6653,3.9984,3.997169143665959,3.9958634953464323,3.9993987674733202
0,10,0.1387,0.1732,0.6881,3.9996,4.0,4.0,3.9994186891440195
0,11,0.1335,0.1546,0.7119,4.0,4.0,4.0,4.0
0,12,0.13,0.1364,0.7336,4.0,4.0,4.0,4.0
0,13,0.1351,0.119,0.7459,4.0,4.0,4.0,4.0
0,14,0.1411,0.1014,0.7575,4.0,4.0,4.0,4.0
0,15,0.1429,0.0904,0.7667,4.0,4.0,4.0,4.0
0,16,0.1488,0.076,0.7752,4.0,4.0,4.0,4.0
0,17,0.155,0.0651,0.7799,4.0,4.0,4.0,4.0
0,18,0.1571,0.0559,0.787,4.0,4.0,4.0,4.0
0,19,0.1625,0.0505,0.787,4.0,4.0,4.0,4.0
0,20,0.1723,0.043,0.7847,4.0,4.0,4.0,4.0
0,21,0.1782,0.0389,0.7829,4.0,4.0,4.0,4.0
0,22,0.1829,0.0359,0.7812,4.0,4.0,4.0,4.0
0,23,0.1883,0.036,0.7757,4.0,4.0,4.0,4.0
0,24,0.1934,0.0335,0.7731,4.0,4.0,4.0,4.0
0,25,0.2009,0.0305,0.7686,4.0,4.0,4.0,4.0
0,26,0.219,0.0275,0.7535,4.0,4.0,4.0,4.0
0,27,0.2339,0.0284,0.7377,4.0,4.0,4.0,4.0
0,28,0.2414,0.0258,0.7328,4.0,4.0,4.0,4.0
0,29,0.2558,0.0223,0.7219,4.0,4.0,4.0,4.0
0,30,0.2653,0.0217,0.713,4.0,4.0,4.0,4.0
0,31,0.2759,0.0198,0.7043,4.0,4.0,4.0,4.0
0,32,0.288,0.0189,0.6931,4.0,4.0,4.0,4.0
0,33,0.2988,0.0184,0.6828,4.0,4.0,4.0,4.0
0,34,0.3161,0.0193,0.6646,4.0,4.0,4.0,4.0
0,35,0.3221,0.0209,0.657,4.0,4.0,4.0,4.0
0,36,0.3385,0.0221,0.6394,4.0,4.0,4.0,4.0
0,37,0.3457,0.0205,0.6338,4.0,4.0,4.0,4.0
0,38,0.3543,0.021,0.6247,4.0,4.0,4.0,4.0
0,39,0.3657,0.0203,0.614,4.0,4.0,4.0,4.0
0,40,0.3703,0.0207,0.609,4.0,4.0,4.0,4.0
0,41,0.3789,0.0193,0.6018,4.0,4.0,4.0,4.0
0,42,0.3898,0.0174,0.5928,4.0,4.0,4.0,4.0
0,43,0.3993,0.0184,0.5823,4.0,4.0,4.0,4.0
0,44,0.4129,0.0197,0.5674,4.0,4.0,4.0,4.0
0,45,0.4225,0.0189,0.5586,4.0,4.0,4.0,4.0
0,46,0.4372,0.0206,0.5422,4.0,4.0,4.0,4.0
0,47,0.457,0.0209,0.5221,4.0,4.0,4.0,4.0
0,48,0.4778,0.0203,0.5019,4.0,4.0,4.0,4.0
0,49,0.4903,0.0206,0.4891,4.0,4.0,4.0,4.0
0,50,0.5001,0.0245,0.4754,4.0,4.0,4.0,4.0
0,51,0.5108,0.0267,0.4625,4.0,4.0,4.0,4.0
0,52,0.5188,0.0263,0.4549,4.0,4.0,4.0,4.0
0,53,0.5256,0.0276,0.4468,4.0,4.0,4.0,4.0
0,54,0.5404,0.0284,0.4312,4.0,4.0,4.0,4.0
0,55,0.5528,0.0289,0.4183,4.0,4.0,4.0,4.0
0,56,0.5662,0.0308,0.403,4.0,4.0,4.0,4.0
0,57,0.575,0.0321,0.3929,4.0,4.0,4.0,4.0
0,58,0.5811,0.0349,0.384,4.0,4.0,4.0,4.0
0,59,0.5892,0.0379,0.3729,4.0,4.0,4.0,4.0
0,60,0.6023,0.0397,0.358,4.0,4.0,4.0,4.0
0,61,0.61,0.0416,0.3484,4.0,4.0,4.0,4.0
0,62,0.6214,0.0434,0.3352,4.0,4.0,4.0,4.0
0,63,0.629,0.043,0.328,4.0,4.0,4.0,4.0
0,64,0.6399,0.0464,0.3137,4.0,4.0,4.0,4.0
0,65,0.6418,0.048,0.3102,4.0,4.0,4.0,4.0
0,66,0.6532,0.0483,0.2985,4.0,4.0,4.0,4.0
0,67,0.6555,0.0495,0.295,4.0,4.0,4.0,4.0
0,68,0.6607,0.0526,0.2867,4.0,4.0,4.0,4.0
0,69,0.661,0.0547,0.2843,4.0,4.0,4.0,4.0
0,70,0.6616,0.0585,0.2799,4.0,4.0,4.0,4.0
0,71,0.6594,0.0622,0.2784,4.0,4.0,4.0,4.0
0,72,0.6615,0.0651,0.2734,4.0,4.0,4.0,4.0
0,73,0.6635,0.0689,0.2676,4.0,4.0,4.0,4.0
0,74,0.6654,0.0718,0.2628,4.0,4.0,4.0,4.0
0,75,0.6638,0.0769,0.2593,4.0,4.0,4.0,4.0
0,76,0.664,0.0793,0.2567,4.0,4.0,4.0,4.0
0,77,0.6641,0.0834,0.2525,4.0,4.0,4.0,4.0
0,78,0.658,0.0884,0.2536,4.0,4.0,4.0,4.0
0,79,0.6531,0.0945,0.2524,4.0,4.0,4.0,4.0
0,80,0.6471,0.1021,0.2508,4.0,4.0,4.0,4.0
0,81,0.6402,0.1045,0.2553,4.0,4.0,4.0,4.0
0,82,0.6345,0.1102,0.2553,4.0,4.0,4.0,4.0
0,83,0.6308,0.115,0.2542,4.0,4.0,4.0,4.0
0,84,0.6238,0.1253,0.2509,4.0,4.0,4.0,4.0
0,85,0.6188,0.1325,0.2487,4.0,4.0,4.0,4.0
0,86,0.6137,0.1401,0.2462,4.0,4.0,4.0,4.0
0,87,0.602,0.1484,0.2496,4.0,4.0,4.0,4.0
0,88,0.5951,0.1575,0.2474,4.0,4.0,4.0,4.0
0,89,0.583,0.1592,0.2578,4.0,4.0,4.0,4.0
0,90,0.5702,0.1626,0.2672,4.0,4.0,4.0,4.0
0,91,0.5618,0.1666,0.2716,4.0,4.0,4.0,4.0
0,92,0.5542,0.1736,0.2722,4.0,4.0,4.0,4.0
0,93,0.5412,0.1805,0.2783,4.0,4.0,4.0,4.0
0,94,0.5319,0.1859,0.2822,4.0,4.0,4.0,4.0
0,95,0.5238,0.1875,0.2887,4.0,4.0,4.0,4.0
0,96,0.5171,0.1881,0.2948,4.0,4.0,4.0,4.0
0,97,0.5091,0.1895,0.3014,4.0,4.0,4.0,4.0
0,98,0.4984,0.1899,0.3117,4.0,4.0,4.0,4.0
0,99,0.4884,0.1944,0.3172,4.0,4.0,4.0,4.0
0,100,0.4795,0.1985,0.322,4.0,4.0,4.0,4.0
0,101,0.4692,0.2012,0.3296,4.0,4.0,4.0,4.0
0,102,0.4649,0.2036,0.3315,4.0,4.0,4.0,4.0
0,103,0.4608,0.2044,0.3348,4.0,4.0,4.0,4.0
0,104,0.4533,0.2025,0.3442,4.0,4.0,4.0,4.0
0,105,0.443,0.2062,0.3508,4.0,4.0,4.0,4.0
0,106,0.4297,0.2109,0.3594,4.0,4.0,4.0,4.0
0,107,0.4255,0.2103,0.3642,4.0,4.0,4.0,4.0
0,108,0.4141,0.2139,0.372,4.0,4.0,4.0,4.0
0,109,0.4041,0.2117,0.3842,4.0,4.0,4.0,4.0
0,110,0.3942,0.2135,0.3923,4.0,4.0,4.0,4.0
0,111,0.3886,0.2179,0.3935,4.0,4.0,4.0,4.0
0,112,0.382,0.2194,0.3986,4.0,4.0,4.0,4.0
0,113,0.3749,0.2197,0.4054,4.0,4.0,4.0,4.0
0,114,0.3634,0.2286,0.408,4.0,4.0,4.0,4.0
0,115,0.3516,0.2338,0.4146,4.0,4.0,4.0,4.0
0,116,0.3395,0.2353,0.4252,4.0,4.0,4.0,4.0
0,117,0.3281,0.2376,0.4343,4.0,4.0,4.0,4.0
0,118,0.3175,0.2394,0.4431,4.0,4.0,4.0,4.0
0,119,0.3083,0.2393,0.4524,4.0,4.0,4.0,4.0
0,120,0.2988,0.2393,0.4619,4.0,4.0,4.0,4.0
0,121,0.2929,0.2417,0.4654,4.0,4.0,4.0,4.0
0,122,0.2882,0.239,0.4728,4.0,4.0,4.0,4.0
0,123,0.2827,0.236,0.4813,4.0,4.0,4.0,4.0
0,124,0.2768,0.2344,0.4888,4.0,4.0,4.0,4.0
0,125,0.2705,0.2271,0.5024,4.0,4.0,4.0,4.0
0,126,0.2669,0.22,0.5131,4.0,4.0,4.0,4.0
0,127,0.2617,0.2167,0.5216,4.0,4.0,4.0,4.0
0,128,0.262,0.2118,0.5262,4.0,4.0,4.0,4.0
0,129,0.258,0.2085,0.5335,4.0,4.0,4.0,4.0
0,130,0.2524,0.2059,0.5417,4.0,4.0,4.0,4.0
0,131,0.2454,0.2034,0.5512,4.0,4.0,4.0,4.0
0,132,0.2439,0.203,0.5531,4.0,4.0,4.0,4.0
0,133,0.2423,0.1999,0.5578,4.0,4.0,4.0,4.0
0,134,0.2433,0.1966,0.5601,4.0,4.0,4.0,4.0
0,135,0.2369,0.1955,0.5676,4.0,4.0,4.0,4.0
0,136,0.2302,0.1953,0.5745,4.0,4.0,4.0,4.0
0,137,0.2284,0.1906,0.581,4.0,4.0,4.0,4.0
0,138,0.2248,0.19,0.5852,4.0,4.0,4.0,4.0
0,139,0.2191,0.1857,0.5952,4.0,4.0,4.0,4.0
0,140,0.2197,0.1821,0.5982,4.0,4.0,4.0,4.0
0,141,0.2199,0.1744,0.6057,4.0,4.0,4.0,4.0
0,142,0.2216,0.1708,0.6076,4.0,4.0,4.0,4.0
0,143,0.2222,0.1649,0.6129,4.0,4.0,4.0,4.0
0,144,0.2241,0.1603,0.6156,4.0,4.0,4.0,4.0
0,145,0.2265,0.1568,0.6167,4.0,4.0,4.0,4.0
0,146,0.2287,0.1546,0.6167,4.0,4.0,4.0,4.0
0,147,0.2359,0.1531,0.611,4.0,4.0,4.0,4.0
0,148,0.2354,0.1501,0.6145,4.0,4.0,4.0,4.0
0,149,0.2373,0.1439,0.6188,4.0,4.0,4.0,4.0
0,150,0.2405,0.137,0.6225,4.0,4.0,4.0,4.0
0,151,0.2441,0.1307,0.6252,4.0,4.0,4.0,4.0
0,152,0.246,0.1253,0.6287,4.0,4.0,4.0,4.0
0,153,0.2506,0.1215,0.6279,4.0,4.0,4.0,4.0
0,154,0.255,0.11,0.635,4.0,4.0,4.0,4.0
0,155,0.2586,0.1017,0.6397,4.0,4.0,4.0,4.0
0,156,0.2618,0.097,0.6412,4.0,4.0,4.0,4.0
0,157,0.2671,0.0891,0.6438,4.0,4.0,4.0,4.0
0,158,0.2735,0.0809,0.6456,4.0,4.0,4.0,4.0
0,159,0.2816,0.0755,0.6429,4.0,4.0,4.0,4.0
0,160,0.2884,0.0693,0.6423,4.0,4.0,4.0,4.0
0,161,0.2918,0.0639,0.6443,4.0,4.0,4.0,4.0
0,162,0.3048,0.0605,0.6347,4.0,4.0,4.0,4.0
0,163,0.3129,0.0574,0.6297,4.0,4.0,4.0,4.0
0,164,0.3208,0.0557,0.6235,4.0,4.0,4.0,4.0
0,165,0.3289,0.0545,0.6166,4.0,4.0,4.0,4.0
0,166,0.3371,0.0512,0.6117,4.0,4.0,4.0,4.0
0,167,0.3463,0.051,0.6027,4.0,4.0,4.0,4.0
0,168,0.3535,0.0502,0.5963,4.0,4.0,4.0,4.0
0,169,0.3596,0.0493,0.5911,4.0,4.0,4.0,4.0
0,170,0.365,0.0495,0.5855,4.0,4.0,4.0,4.0
0,171,0.3727,0.0482,0.5791,4.0,4.0,4.0,4.0
0,172,0.3783,0.0477,0.574,4.0,4.0,4.0,4.0
0,173,0.3823,0.0488,0.5689,4.0,4.0,4.0,4.0
0,174,0.391,0.0495,0.5595,4.0,4.0,4.0,4.0
0,175,0.398,0.0503,0.5517,4.0,4.0,4.0,4.0
0,176,0.4081,0.0502,0.5417,4.0,4.0,4.0,4.0
0,177,0.4154,0.0519,0.5327,4.0,4.0,4.0,4.0
0,178,0.4217,0.0543,0.524,4.0,4.0,4.0,4.0
0,179,0.4226,0.057,0.5204,4.0,4.0,4.0,4.0
0,180,0.4239,0.0586,0.5175,4.0,4.0,4.0,4.0
0,181,0.4303,0.0584,0.5113,4.0,4.0,4.0,4.0
0,182,0.4315,0.0585,0.51,4.0,4.0,4.0,4.0
0,183,0.4348,0.0605,0.5047,4.0,4.0,4.0,4.0
0,184,0.442,0.0621,0.4959,4.0,4.0,4.0,4.0
0,185,0.4421,0.0633,0.4946,4.0,4.0,4.0,4.0
0,186,0.4467,0.0679,0.4854,4.0,4.0,4.0,4.0
0,187,0.4512,0.0696,0.4792,4.0,4.0,4.0,4.0
0,188,0.4517,0.0713,0.477,4.0,4.0,4.0,4.0
0,189,0.4518,0.0738,0.4744,4.0,4.0,4.0,4.0
0,190,0.4569,0.0741,0.469,4.0,4.0,4.0,4.0
0,191,0.4599,0.0772,0.4629,4.0,4.0,4.0,4.0
0,192,0.4626,0.0792,0.4582,4.0,4.0,4.0,4.0
0,193,0.4666,0.0791,0.4543,4.0,4.0,4.0,4.0
0,194,0.4654,0.0822,0.4524,4.0,4.0,4.0,4.0
0,195,0.4662,0.0859,0.4479,4.0,4.0,4.0,4.0
0,196,0.4615,0.0903,0.4482,4.0,4.0,4.0,4.0
0,197,0.4622,0.0928,0.445,4.0,4.0,4.0,4.0
0,198,0.4589,0.0975,0.4436,4.0,4.0,4.0,4.0
0,199,0.4621,0.0971,0.4408,4.0,4.0,4.0,4.0
0,200,0.4605,0.0993,0.4402,4.0,4.0,4.0,4.0
0,201,0.4577,0.101,0.4413,4.0,4.0,4.0,4.0
0,202,0.4544,0.1039,0.4417,4.0,4.0,4.0,4.0
0,203,0.4512,0.108,0.4408,4.0,4.0,4.0,4.0
0,204,0.4542,0.1086,0.4372,4.0,4.0,4.0,4.0
0,205,0.4453,0.1102,0.4445,4.0,4.0,4.0,4.0
0,206,0.4444,0.1133,0.4423,4.0,4.0,4.0,4.0
0,207,0.445,0.1168,0.4382,4.0,4.0,4.0,4.0
0,208,0.4405,0.1202,0.4393,4.0,4.0,4.0,4.0
0,209,0.4412,0.122,0.4368,4.0,4.0,4.0,4.0
0,210,0.4385,0.1257,0.4358,4.0,4.0,4.0,4.0
0,211,0.4299,0.13,0.4401,4.0,4.0,4.0,4.0
0,212,0.4265,0.1339,0.4396,4.0,4.0,4.0,4.0
0,213,0.4219,0.1342,0.4439,4.0,4.0,4.0,4.0
0,214,0.4188,0.1359,0.4453,4.0,4.0,4.0,4.0
0,215,0.4225,0.1352,0.4423,4.0,4.0,4.0,4.0
0,216,0.4213,0.1368,0.4419,4.0,4.0,4.0,4.0
0,217,0.4168,0.1363,0.4469,4.0,4.0,4.0,4.0
0,218,0.4143,0.1364,0.4493,4.0,4.0,4.0,4.0
0,219,0.4131,0.1332,0.4537,4.0,4.0,4.0,4.0
0,220,0.4129,0.1332,0.4539,4.0,4.0,4.0,4.0
0,221,0.41,0.1327,0.4573,4.0,4.0,4.0,4.0
0,222,0.4066,0.1316,0.4618,4.0,4.0,4.0,4.0
0,223,0.3993,0.1363,0.4644,4.0,4.0,4.0,4.0
0,224,0.3941,0.1388,0.4671,4.0,4.0,4.0,4.0
0,225,0.3907,0.1393,0.47,4.0,4.0,4.0,4.0
0,226,0.3861,0.141,0.4729,4.0,4.0,4.0,4.0
0,227,0.3839,0.138,0.4781,4.0,4.0,4.0,4.0
0,228,0.3843,0.1384,0.4773,4.0,4.0,4.0,4.0
0,229,0.3829,0.1386,0.4785,4.0,4.0,4.0,4.0
0,230,0.3829,0.1391,0.478,4.0,4.0,4.0,4.0
0,231,0.3811,0.1402,0.4787,4.0,4.0,4.0,4.0
0,232,0.3733,0.1392,0.4875,4.0,4.0,4.0,4.0
0,233,0.3723,0.1383,0.4894,4.0,4.0,4.0,4.0
0,234,0.3724,0.1334,0.4942,4.0,4.0,4.0,4.0
0,235,0.3682,0.1312,0.5006,4.0,4.0,4.0,4.0
0,236,0.3657,0.1303,0.504,4.0,4.0,4.0,4.0
0,237,0.3644,0.1291,0.5065,4.0,4.0,4.0,4.0
0,238,0.362,0.1268,0.5112,4.0,4.0,4.0,4.0
0,239,0.3584,0.1261,0.5155,4.0,4.0,4.0,4.0
0,240,0.3593,0.1253,0.5154,4.0,4.0,4.0,4.0
0,241,0.3613,0.1253,0.5134,4.0,4.0,4.0,4.0
0,242,0.3603,0.1257,0.514,4.0,4.0,4.0,4.0
0,243,0.357,0.1274,0.5156,4.0,4.0,4.0,4.0
0,244,0.3549,0.1251,0.52,4.0,4.0,4.0,4.0
0,245,0.3526,0.1239,0.5235,4.0,4.0,4.0,4.0
0,246,0.3524,0.1242,0.5234,4.0,4.0,4.0,4.0
0,247,0.352,0.1213,0.5267,4.0,4.0,4.0,4.0
0,248,0.3499,0.1228,0.5273,4.0,4.0,4.0,4.0
0,249,0.352,0.1213,0.5267,4.0,4.0,4.0,4.0
0,250,0.3521,0.121,0.5269,4.0,4.0,4.0,4.0
0,251,0.3528,0.1205,0.5267,4.0,4.0,4.0,4.0
0,252,0.3554,0.1196,0.525,4.0,4.0,4.0,4.0
0,253,0.3551,0.1159,0.529,4.0,4.0,4.0,4.0
0,254,0.3568,0.116,0.5272,4.0,4.0,4.0,4.0
0,255,0.3564,0.1141,0.5295,4.0,4.0,4.0,4.0
0,256,0.3462,0.1159,0.5379,4.0,4.0,4.0,4.0
0,257,0.3504,0.1183,0.5313,4.0,4.0,4.0,4.0
0,258,0.352,0.1187,0.5293,4.0,4.0,4.0,4.0
0,259,0.3502,0.1227,0.5271,4.0,4.0,4.0,4.0
0,260,0.3507,0.1253,0.524,4.0,4.0,4.0,4.0
0,261,0.3508,0.1266,0.5226,4.0,4.0,4.0,4.0
0,262,0.3485,0.1282,0.5233,4.0,4.0,4.0,4.0
0,263,0.3469,0.1298,0.5233,4.0,4.0,4.0,4.0
0,264,0.3474,0.1299,0.5227,4.0,4.0,4.0,4.0
0,265,0.3495,0.1294,0.5211,4.0,4.0,4.0,4.0
0,266,0.3505,0.127,0.5225,4.0,4.0,4.0,4.0
0,267,0.3525,0.1246,0.5229,4.0,4.0,4.0,4.0
0,268,0.3492,0.1231,0.5277,4.0,4.0,4.0,4.0
0,269,0.3524,0.1254,0.5222,4.0,4.0,4.0,4.0
0,270,0.3508,0.1263,0.5229,4.0,4.0,4.0,4.0
0,271,0.3472,0.1289,0.5239,4.0,4.0,4.0,4.0
0,272,0.3513,0.1299,0.5188,4.0,4.0,4.0,4.0
0,273,0.3416,0.1311,0.5273,4.0,4.0,4.0,4.0
0,274,0.337,0.1261,0.5369,4.0,4.0,4.0,4.0
0,275,0.3339,0.1249,0.5412,4.0,4.0,4.0,4.0
0,276,0.3338,0.1233,0.5429,4.0,4.0,4.0,4.0
0,277,0.3385,0.1237,0.5378,4.0,4.0,4.0,4.0
0,278,0.3465,0.1215,0.532,4.0,4.0,4.0,4.0
0,279,0.3425,0.1245,0.533,4.0,4.0,4.0,4.0
0,280,0.34,0.1226,0.5374,4.0,4.0,4.0,4.0
0,281,0.3393,0.1243,0.5364,4.0,4.0,4.0,4.0
0,282,0.3393,0.1261,0.5346,4.0,4.0,4.0,4.0
0,283,0.3408,0.1272,0.532,4.0,4.0,4.0,4.0
0,284,0.3478,0.1262,0.526,4.0,4.0,4.0,4.0
0,285,0.3485,0.1272,0.5243,4.0,4.0,4.0,4.0
0,286,0.3476,0.1282,0.5242,4.0,4.0,4.0,4.0
0,287,0.3463,0.125,0.5287,4.0,4.0,4.0,4.0
0,288,0.3467,0.1203,0.533,4.0,4.0,4.0,4.0
0,289,0.3495,0.1186,0.5319,4.0,4.0,4.0,4.0
0,290,0.3541,0.117,0.5289,4.0,4.0,4.0,4.0
0,291,0.3584,0.1137,0.5279,4.0,4.0,4.0,4.0
0,292,0.356,0.1164,0.5276,4.0,4.0,4.0,4.0
0,293,0.3545,0.1173,0.5282,4.0,4.0,4.0,4.0
0,294,0.3547,0.1163,0.529,4.0,4.0,4.0,4.0
0,295,0.354,0.1131,0.5329,4.0,4.0,4.0,4.0
0,296,0.3537,0.1122,0.5341,4.0,4.0,4.0,4.0
0,297,0.361,0.1088,0.5302,4.0,4.0,4.0,4.0
0,298,0.3694,0.1068,0.5238,4.0,4.0,4.0,4.0
0,299,0.3683,0.1086,0.5231,4.0,4.0,4.0,4.0
0,300,0.3657,0.1099,0.5244,4.0,4.0,4.0,4.0
0,301,0.3642,0.108,0.5278,4.0,4.0,4.0,4.0
0,302,0.3627,0.1083,0.529,4.0,4.0,4.0,4.0
0,303,0.3612,0.1112,0.5276,4.0,4.0,4.0,4.0
0,304,0.3595,0.1112,0.5293,4.0,4.0,4.0,4.0
0,305,0.3652,0.108,0.5268,4.0,4.0,4.0,4.0
0,306,0.3726,0.1078,0.5196,4.0,4.0,4.0,4.0
0,307,0.3722,0.1075,0.5203,4.0,4.0,4.0,4.0
0,308,0.3692,0.1104,0.5204,4.0,4.0,4.0,4.0
0,309,0.3701,0.1094,0.5205,4.0,4.0,4.0,4.0
0,310,0.374,0.1125,0.5135,4.0,4.0,4.0,4.0
0,311,0.3693,0.1137,0.517,4.0,4.0,4.0,4.0
0,312,0.3706,0.1129,0.5165,4.0,4.0,4.0,4.0
0,313,0.3707,0.1138,0.5155,4.0,4.0,4.0,4.0
0,314,0.3745,0.1162,0.5093,4.0,4.0,4.0,4.0
0,315,0.3786,0.1188,0.5026,4.0,4.0,4.0,4.0
0,316,0.369,0.1214,0.5096,4.0,4.0,4.0,4.0
0,317,0.366,0.1188,0.5152,4.0,4.0,4.0,4.0
0,318,0.3698,0.1191,0.5111,4.0,4.0,4.0,4.0
0,319,0.3678,0.1155,0.5167,4.0,4.0,4.0,4.0
0,320,0.3668,0.115,0.5182,4.0,4.0,4.0,4.0
0,321,0.3677,0.1156,0.5167,4.0,4.0,4.0,4.0
0,322,0.3635,0.1119,0.5246,4.0,4.0,4.0,4.0
0,323,0.3633,0.1082,0.5285,4.0,4.0,4.0,4.0
0,324,0.3596,0.1103,0.5301,4.0,4.0,4.0,4.0
0,325,0.3616,0.1091,0.5293,4.0,4.0,4.0,4.0
0,326,0.3629,0.1095,0.5276,4.0,4.0,4.0,4.0
0,327,0.3662,0.1068,0.527,4.0,4.0,4.0,4.0
0,328,0.3661,0.1042,0.5297,4.0,4.0,4.0,4.0
0,329,0.3688,0.103,0.5282,4.0,4.0,4.0,4.0
0,330,0.3741,0.1016,0.5243,4.0,4.0,4.0,4.0
0,331,0.3748,0.0989,0.5263,4.0,4.0,4.0,4.0
0,332,0.3752,0.0982,0.5266,4.0,4.0,4.0,4.0
0,333,0.378,0.0946,0.5274,4.0,4.0,4.0,4.0
0,334,0.3843,0.097,0.5187,4.0,4.0,4.0,4.0
0,335,0.3894,0.0965,0.5141,4.0,4.0,4.0,4.0
0,336,0.3894,0.1001,0.5105,4.0,4.0,4.0,4.0
0,337,0.3918,0.0997,0.5085,4.0,4.0,4.0,4.0
0,338,0.3906,0.0991,0.5103,4.0,4.0,4.0,4.0
0,339,0.3939,0.0987,0.5074,4.0,4.0,4.0,4.0
0,340,0.3918,0.1007,0.5075,4.0,4.0,4.0,4.0
0,341,0.393,0.1013,0.5057,4.0,4.0,4.0,4.0
0,342,0.3909,0.1044,0.5047,4.0,4.0,4.0,4.0
0,343,0.394,0.1068,0.4992,4.0,4.0,4.0,4.0
0,344,0.3973,0.1079,0.4948,4.0,4.0,4.0,4.0
0,345,0.3946,0.1077,0.4977,4.0,4.0,4.0,4.0
0,346,0.3975,0.1106,0.4919,4.0,4.0,4.0,4.0
0,347,0.4053,0.1125,0.4822,4.0,4.0,4.0,4.0
0,348,0.4032,0.1124,0.4844,4.0,4.0,4.0,4.0
0,349,0.3997,0.1179,0.4824,4.0,4.0,4.0,4.0
0,350,0.4021,0.1169,0.481,4.0,4.0,4.0,4.0
0,351,0.4035,0.1193,0.4772,4.0,4.0,4.0,4.0
0,352,0.4082,0.1194,0.4724,4.0,4.0,4.0,4.0
0,353,0.4069,0.1217,0.4714,4.0,4.0,4.0,4.0
0,354,0.404,0.1258,0.4702,4.0,4.0,4.0,4.0
0,355,0.4058,0.1243,0.4699,4.0,4.0,4.0,4.0
0,356,0.4012,0.1277,0.4711,4.0,4.0,4.0,4.0
0,357,0.3948,0.1319,0.4733,4.0,4.0,4.0,4.0
0,358,0.3948,0.1345,0.4707,4.0,4.0,4.0,4.0
0,359,0.3915,0.1391,0.4694,4.0,4.0,4.0,4.0
0,360,0.3965,0.1374,0.4661,4.0,4.0,4.0,4.0
0,361,0.3994,0.1392,0.4614,4.0,4.0,4.0,4.0
0,362,0.3968,0.1417,0.4615,4.0,4.0,4.0,4.0
0,363,0.3909,0.1428,0.4663,4.0,4.0,4.0,4.0
0,364,0.3949,0.1432,0.4619,4.0,4.0,4.0,4.0
0,365,0.3971,0.1441,0.4588,4.0,4.0,4.0,4.0
0,366,0.4026,0.1438,0.4536,4.0,4.0,4.0,4.0
0,367,0.4053,0.1477,0.447,4.0,4.0,4.0,4.0
0,368,0.4053,0.1468,0.4479,4.0,4.0,4.0,4.0
0,369,0.4042,0.1472,0.4486,4.0,4.0,4.0,4.0
0,370,0.4026,0.1473,0.4501,4.0,4.0,4.0,4.0
0,371,0.4023,0.1478,0.4499,4.0,4.0,4.0,4.0
0,372,0.4018,0.1515,0.4467,4.0,4.0,4.0,4.0
0,373,0.4069,0.1512,0.4419,4.0,4.0,4.0,4.0
0,374,0.4057,0.1554,0.4389,4.0,4.0,4.0,4.0
0,375,0.4046,0.1544,0.441,4.0,4.0,4.0,4.0
0,376,0.4099,0.1518,0.4383,4.0,4.0,4.0,4.0
0,377,0.4069,0.1495,0.4436,4.0,4.0,4.0,4.0
0,378,0.4113,0.1484,0.4403,4.0,4.0,4.0,4.0
0,379,0.4073,0.1461,0.4466,4.0,4.0,4.0,4.0
0,380,0.4084,0.1454,0.4462,4.0,4.0,4.0,4.0
0,381,0.4024,0.145,0.4526,4.0,4.0,4.0,4.0
0,382,0.4035,0.1451,0.4514,4.0,4.0,4.0,4.0
0,383,0.4004,0.1476,0.452,4.0,4.0,4.0,4.0
0,384,0.4021,0.1451,0.4528,4.0,4.0,4.0,4.0
0,385,0.3997,0.1455,0.4548,4.0,4.0,4.0,4.0
0,386,0.3928,0.1452,0.462,4.0,4.0,4.0,4.0
0,387,0.3903,0.1445,0.4652,4.0,4.0,4.0,4.0
0,388,0.3912,0.1426,0.4662,4.0,4.0,4.0,4.0
0,389,0.3898,0.1386,0.4716,4.0,4.0,4.0,4.0
0,390,0.3923,0.139,0.4687,4.0,4.0,4.0,4.0
0,391,0.3917,0.1397,0.4686,4.0,4.0,4.0,4.0
0,392,0.3882,0.14,0.4718,4.0,4.0,4.0,4.0
0,393,0.3905,0.1391,0.4704,4.0,4.0,4.0,4.0
0,394,0.3907,0.1376,0.4717,4.0,4.0,4.0,4.0
0,395,0.3887,0.1393,0.472,4.0,4.0,4.0,4.0
0,396,0.3888,0.1377,0.4735,4.0,4.0,4.0,4.0
0,397,0.3902,0.1326,0.4772,4.0,4.0,4.0,4.0
0,398,0.3938,0.1296,0.4766,4.0,4.0,4.0,4.0
0,399,0.3964,0.1242,0.4794,4.0,4.0,4.0,4.0
0,400,0.3971,0.1219,0.481,4.0,4.0,4.0,4.0
0,401,0.3946,0.1232,0.4822,4.0,4.0,4.0,4.0
0,402,0.3911,0.1217,0.4872,4.0,4.0,4.0,4.0
0,403,0.3845,0.1208,0.4947,4.0,4.0,4.0,4.0
0,404,0.3822,0.1176,0.5002,4.0,4.0,4.0,4.0
0,405,0.3806,0.1168,0.5026,4.0,4.0,4.0,4.0
0,406,0.3767,0.1168,0.5065,4.0,4.0,4.0,4.0
0,407,0.3725,0.1174,0.5101,4.0,4.0,4.0,4.0
0,408,0.3641,0.1199,0.516,4.0,4.0,4.0,4.0
0,409,0.3638,0.1207,0.5155,4.0,4.0,4.0,4.0
0,410,0.3611,0.1215,0.5174,4.0,4.0,4.0,4.0
0,411,0.3552,0.1236,0.5212,4.0,4.0,4.0,4.0
0,412,0.3478,0.1228,0.5294,4.0,4.0,4.0,4.0
0,413,0.3517,0.1266,0.5217,4.0,4.0,4.0,4.0
0,414,0.3467,0.1253,0.528,4.0,4.0,4.0,4.0
0,415,0.3463,0.1273,0.5264,4.0,4.0,4.0,4.0
0,416,0.3473,0.1269,0.5258,4.0,4.0,4.0,4.0
0,417,0.3483,0.1285,0.5232,4.0,4.0,4.0,4.0
0,418,0.3475,0.1325,0.52,4.0,4.0,4.0,4.0
0,419,0.3477,0.13,0.5223,4.0,4.0,4.0,4.0
0,420,0.345,0.134,0.521,4.0,4.0,4.0,4.0
0,421,0.3407,0.1366,0.5227,4.0,4.0,4.0,4.0
0,422,0.333,0.139,0.528,4.0,4.0,4.0,4.0
0,423,0.3304,0.1401,0.5295,4.0,4.0,4.0,4.0
0,424,0.3242,0.1443,0.5315,4.0,4.0,4.0,4.0
0,425,0.3253,0.1446,0.5301,4.0,4.0,4.0,4.0
0,426,0.3222,0.1461,0.5317,4.0,4.0,4.0,4.0
0,427,0.3167,0.1473,0.536,4.0,4.0,4.0,4.0
0,428,0.3113,0.1503,0.5384,4.0,4.0,4.0,4.0
0,429,0.3099,0.1517,0.5384,4.0,4.0,4.0,4.0
0,430,0.3031,0.1538,0.5431,4.0,4.0,4.0,4.0
0,431,0.3006,0.1547,0.5447,4.0,4.0,4.0,4.0
0,432,0.2967,0.1552,0.5481,4.0,4.0,4.0,4.0
0,433,0.2951,0.1537,0.5512,4.0,4.0,4.0,4.0
0,434,0.2958,0.1513,0.5529,4.0,4.0,4.0,4.0
0,435,0.2923,0.1512,0.5565,4.0,4.0,4.0,4.0
0,436,0.29,0.1478,0.5622,4.0,4.0,4.0,4.0
0,437,0.2924,0.1469,0.5607,4.0,4.0,4.0,4.0
0,438,0.2917,0.1435,0.5648,4.0,4.0,4.0,4.0
0,439,0.289,0.141,0.57,4.0,4.0,4.0,4.0
0,440,0.2925,0.1393,0.5682,4.0,4.0,4.0,4.0
0,441,0.2909,0.1369,0.5722,4.0,4.0,4.0,4.0
0,442,0.2927,0.1309,0.5764,4.0,4.0,4.0,4.0
0,443,0.2955,0.1275,0.577,4.0,4.0,4.0,4.0
0,444,0.2937,0.1244,0.5819,4.0,4.0,4.0,4.0
0,445,0.2956,0.1189,0.5855,4.0,4.0,4.0,4.0
0,446,0.2984,0.1137,0.5879,4.0,4.0,4.0,4.0
0,447,0.3004,0.1093,0.5903,4.0,4.0,4.0,4.0
0,448,0.3031,0.1085,0.5884,4.0,4.0,4.0,4.0
0,449,0.3074,0.1038,0.5888,4.0,4.0,4.0,4.0
0,450,0.3111,0.0988,0.5901,4.0,4.0,4.0,4.0
0,451,0.3118,0.0958,0.5924,4.0,4.0,4.0,4.0
0,452,0.3154,0.093,0.5916,4.0,4.0,4.0,4.0
0,453,0.3213,0.0902,0.5885,4.0,4.0,4.0,4.0
0,454,0.3242,0.0913,0.5845,4.0,4.0,4.0,4.0
0,455,0.3307,0.0886,0.5807,4.0,4.0,4.0,4.0
0,456,0.3333,0.087,0.5797,4.0,4.0,4.0,4.0
0,457,0.3368,0.0862,0.577,4.0,4.0,4.0,4.0
0,458,0.341,0.085,0.574,4.0,4.0,4.0,4.0
0,459,0.3504,0.0841,0.5655,4.0,4.0,4.0,4.0
0,460,0.3583,0.082,0.5597,4.0,4.0,4.0,4.0
0,461,0.3588,0.0838,0.5574,4.0,4.0,4.0,4.0
0,462,0.3607,0.0812,0.5581,4.0,4.0,4.0,4.0
0,463,0.3679,0.0817,0.5504,4.0,4.0,4.0,4.0
0,464,0.3713,0.0817,0.547,4.0,4.0,4.0,4.0
0,465,0.377,0.0805,0.5425,4.0,4.0,4.0,4.0
0,466,0.3836,0.081,0.5354,4.0,4.0,4.0,4.0
0,467,0.3898,0.0797,0.5305,4.0,4.0,4.0,4.0
0,468,0.3949,0.0798,0.5253,4.0,4.0,4.0,4.0
0,469,0.3983,0.0802,0.5215,4.0,4.0,4.0,4.0
0,470,0.3985,0.081,0.5205,4.0,4.0,4.0,4.0
0,471,0.4029,0.081,0.5161,4.0,4.0,4.0,4.0
0,472,0.4143,0.0788,0.5069,4.0,4.0,4.0,4.0
0,473,0.4184,0.0784,0.5032,4.0,4.0,4.0,4.0
0,474,0.4266,0.0804,0.493,4.0,4.0,4.0,4.0
0,475,0.4247,0.0794,0.4959,4.0,4.0,4.0,4.0
0,476,0.4196,0.0821,0.4983,4.0,4.0,4.0,4.0
0,477,0.4248,0.081,0.4942,4.0,4.0,4.0,4.0
0,478,0.4297,0.0835,0.4868,4.0,4.0,4.0,4.0
0,479,0.4324,0.0866,0.481,4.0,4.0,4.0,4.0
0,480,0.4375,0.0837,0.4788,4.0,4.0,4.0,4.0
0,481,0.4362,0.0866,0.4772,4.0,4.0,4.0,4.0
0,482,0.4336,0.0892,0.4772,4.0,4.0,4.0,4.0
0,483,0.4331,0.091,0.4759,4.0,4.0,4.0,4.0
0,484,0.4326,0.0928,0.4746,4.0,4.0,4.0,4.0
0,485,0.433,0.0937,0.4733,4.0,4.0,4.0,4.0
0,486,0.4336,0.0965,0.4699,4.0,4.0,4.0,4.0
0,487,0.437,0.0978,0.4652,4.0,4.0,4.0,4.0
0,488,0.4387,0.0958,0.4655,4.0,4.0,4.0,4.0
0,489,0.4364,0.0981,0.4655,4.0,4.0,4.0,4.0
0,490,0.443,0.0991,0.4579,4.0,4.0,4.0,4.0
0,491,0.4404,0.1029,0.4567,4.0,4.0,4.0,4.0
0,492,0.4379,0.1069,0.4552,4.0,4.0,4.0,4.0
0,493,0.4385,0.1116,0.4499,4.0,4.0,4.0,4.0
0,494,0.4373,0.1155,0.4472,4.0,4.0,4.0,4.0
0,495,0.4332,0.1196,0.4472,4.0,4.0,4.0,4.0
0,496,0.4343,0.1223,0.4434,4.0,4.0,4.0,4.0
0,497,0.4322,0.1277,0.4401,4.0,4.0,4.0,4.0
0,498,0.4325,0.133,0.4345,4.0,4.0,4.0,4.0
0,499,0.4241,0.1359,0.44,4.0,4.0,4.0,4.0
0,500,0.422,0.138,0.44,4.0,4.0,4.0,4.0
0,501,0.4227,0.1411,0.4362,4.0,4.0,4.0,4.0
0,502,0.415,0.147,0.438,4.0,4.0,4.0,4.0
0,503,0.4074,0.1487,0.4439,4.0,4.0,4.0,4.0
0,504,0.4087,0.153,0.4383,4.0,4.0,4.0,4.0
0,505,0.4068,0.1556,0.4376,4.0,4.0,4.0,4.0
0,506,0.4004,0.1602,0.4394,4.0,4.0,4.0,4.0
0,507,0.3935,0.1664,0.4401,4.0,4.0,4.0,4.0
0,508,0.3964,0.1681,0.4355,4.0,4.0,4.0,4.0
0,509,0.3937,0.1749,0.4314,4.0,4.0,4.0,4.0
0,510,0.3909,0.1789,0.4302,4.0,4.0,4.0,4.0
0,511,0.386,0.1839,0.4301,4.0,4.0,4.0,4.0
0,512,0.3852,0.1858,0.429,4.0,4.0,4.0,4.0
0,513,0.3788,0.1908,0.4304,4.0,4.0,4.0,4.0
0,514,0.3725,0.1933,0.4342,4.0,4.0,4.0,4.0
0,515,0.3663,0.1903,0.4434,4.0,4.0,4.0,4.0
0,516,0.3596,0.1942,0.4462,4.0,4.0,4.0,4.0
0,517,0.3517,0.1921,0.4562,4.0,4.0,4.0,4.0
0,518,0.3453,0.1921,0.4626,4.0,4.0,4.0,4.0
0,519,0.3375,0.1907,0.4718,4.0,4.0,4.0,4.0
0,520,0.3263,0.1919,0.4818,4.0,4.0,4.0,4.0
0,521,0.3255,0.1882,0.4863,4.0,4.0,4.0,4.0
0,522,0.3279,0.1852,0.4869,4.0,4.0,4.0,4.0
0,523,0.3236,0.1813,0.4951,4.0,4.0,4.0,4.0
0,524,0.3234,0.1789,0.4977,4.0,4.0,4.0,4.0
0,525,0.3205,0.1769,0.5026,4.0,4.0,4.0,4.0
0,526,0.3135,0.175,0.5115,4.0,4.0,4.0,4.0
0,527,0.3022,0.1728,0.525,4.0,4.0,4.0,4.0
0,528,0.2996,0.1711,0.5293,4.0,4.0,4.0,4.0
0,529,0.2978,0.1699,0.5323,4.0,4.0,4.0,4.0
0,530,0.3,0.1628,0.5372,4.0,4.0,4.0,4.0
0,531,0.298,0.1593,0.5427,4.0,4.0,4.0,4.0
0,532,0.2995,0.1591,0.5414,4.0,4.0,4.0,4.0
0,533,0.2975,0.1547,0.5478,4.0,4.0,4.0,4.0
0,534,0.3002,0.1494,0.5504,4.0,4.0,4.0,4.0
0,535,0.2969,0.1461,0.557,4.0,4.0,4.0,4.0
0,536,0.2952,0.1458,0.559,4.0,4.0,4.0,4.0
0,537,0.2957,0.1424,0.5619,4.0,4.0,4.0,4.0
0,538,0.2984,0.1376,0.564,4.0,4.0,4.0,4.0
0,539,0.3017,0.1326,0.5657,4.0,4.0,4.0,4.0
0,540,0.3051,0.1301,0.5648,4.0,4.0,4.0,4.0
0,541,0.3082,0.1266,0.5652,4.0,4.0,4.0,4.0
0,542,0.3073,0.1259,0.5668,4.0,4.0,4.0,4.0
0,543,0.3087,0.1265,0.5648,4.0,4.0,4.0,4.0
0,544,0.3089,0.126,0.5651,4.0,4.0,4.0,4.0
0,545,0.3108,0.1243,0.5649,4.0,4.0,4.0,4.0
0,546,0.3094,0.1239,0.5667,4.0,4.0,4.0,4.0
0,547,0.3103,0.1184,0.5713,4.0,4.0,4.0,4.0
0,548,0.3136,0.1167,0.5697,4.0,4.0,4.0,4.0
0,549,0.3149,0.114,0.5711,4.0,4.0,4.0,4.0
0,550,0.3124,0.1104,0.5772,4.0,4.0,4.0,4.0
0,551,0.3146,0.1084,0.577,4.0,4.0,4.0,4.0
0,552,0.3174,0.1061,0.5765,4.0,4.0,4.0,4.0
0,553,0.3155,0.1053,0.5792,4.0,4.0,4.0,4.0
0,554,0.3157,0.1075,0.5768,4.0,4.0,4.0,4.0
0,555,0.3181,0.1081,0.5738,4.0,4.0,4.0,4.0
0,556,0.3277,0.1044,0.5679,4.0,4.0,4.0,4.0
0,557,0.3276,0.1061,0.5663,4.0,4.0,4.0,4.0
0,558,0.3263,0.1061,0.5676,4.0,4.0,4.0,4.0
0,559,0.3276,0.1073,0.5651,4.0,4.0,4.0,4.0
0,560,0.3268,0.1044,0.5688,4.0,4.0,4.0,4.0
0,561,0.3307,0.1083,0.561,4.0,4.0,4.0,4.0
0,562,0.3326,0.1066,0.5608,4.0,4.0,4.0,4.0
0,563,0.3364,0.1076,0.556,4.0,4.0,4.0,4.0
0,564,0.3338,0.1095,0.5567,4.0,4.0,4.0,4.0
0,565,0.3376,0.11,0.5524,4.0,4.0,4.0,4.0
0,566,0.3387,0.1122,0.5491,4.0,4.0,4.0,4.0
0,567,0.3407,0.1137,0.5456,4.0,4.0,4.0,4.0
0,568,0.3434,0.1127,0.5439,4.0,4.0,4.0,4.0
0,569,0.3455,0.1101,0.5444,4.0,4.0,4.0,4.0
0,570,0.3439,0.1084,0.5477,4.0,4.0,4.0,4.0
0,571,0.3486,0.1047,0.5467,4.0,4.0,4.0,4.0
0,572,0.3531,0.1036,0.5433,4.0,4.0,4.0,4.0
0,573,0.3541,0.1039,0.542,4.0,4.0,4.0,4.0
0,574,0.3574,0.1018,0.5408,4.0,4.0,4.0,4.0
0,575,0.3547,0.1035,0.5418,4.0,4.0,4.0,4.0
0,576,0.3585,0.1011,0.5404,4.0,4.0,4.0,4.0
0,577,0.3601,0.0999,0.54,4.0,4.0,4.0,4.0
0,578,0.3667,0.0956,0.5377,4.0,4.0,4.0,4.0
0,579,0.366,0.0935,0.5405,4.0,4.0,4.0,4.0
0,580,0.3667,0.0899,0.5434,4.0,4.0,4.0,4.0
0,581,0.3745,0.0875,0.538,4.0,4.0,4.0,4.0
0,582,0.3768,0.0859,0.5373,4.0,4.0,4.0,4.0
0,583,0.3775,0.0845,0.538,4.0,4.0,4.0,4.0
0,584,0.3792,0.0832,0.5376,4.0,4.0,4.0,4.0
0,585,0.3794,0.0786,0.542,4.0,4.0,4.0,4.0
0,586,0.3836,0.0764,0.54,4.0,4.0,4.0,4.0
0,587,0.3867,0.0773,0.536,4.0,4.0,4.0,4.0
0,588,0.3886,0.0755,0.5359,4.0,4.0,4.0,4.0
0,589,0.3889,0.0747,0.5364,4.0,4.0,4.0,4.0
0,590,0.387,0.0734,0.5396,4.0,4.0,4.0,4.0
0,591,0.3882,0.0714,0.5404,4.0,4.0,4.0,4.0
0,592,0.3934,0.0721,0.5345,4.0,4.0,4.0,4.0
0,593,0.3918,0.0697,0.5385,4.0,4.0,4.0,4.0
0,594,0.3915,0.072,0.5365,4.0,4.0,4.0,4.0
0,595,0.3988,0.0724,0.5288,4.0,4.0,4.0,4.0
0,596,0.4049,0.0698,0.5253,4.0,4.0,4.0,4.0
0,597,0.4119,0.0707,0.5174,4.0,4.0,4.0,4.0
0,598,0.4151,0.0741,0.5108,4.0,4.0,4.0,4.0
0,599,0.4204,0.0767,0.5029,4.0,4.0,4.0,4.0
0,600,0.4187,0.0794,0.5019,4.0,4.0,4.0,4.0
0,601,0.4233,0.0822,0.4945,4.0,4.0,4.0,4.0
0,602,0.425,0.0845,0.4905,4.0,4.0,4.0,4.0
0,603,0.4316,0.0856,0.4828,4.0,4.0,4.0,4.0
0,604,0.4375,0.0888,0.4737,4.0,4.0,4.0,4.0
0,605,0.4335,0.092,0.4745,4.0,4.0,4.0,4.0
0,606,0.4399,0.095,0.4651,4.0,4.0,4.0,4.0
0,607,0.4397,0.0965,0.4638,4.0,4.0,4.0,4.0
0,608,0.4425,0.0988,0.4587,4.0,4.0,4.0,4.0
0,609,0.4409,0.1007,0.4584,4.0,4.0,4.0,4.0
0,610,0.4448,0.1033,0.4519,4.0,4.0,4.0,4.0
0,611,0.4465,0.1061,0.4474,4.0,4.0,4.0,4.0
0,612,0.4467,0.1109,0.4424,4.0,4.0,4.0,4.0
0,613,0.4504,0.1152,0.4344,4.0,4.0,4.0,4.0
0,614,0.4511,0.1182,0.4307,4.0,4.0,4.0,4.0
0,615,0.4506,0.122,0.4274,4.0,4.0,4.0,4.0
0,616,0.4497,0.1255,0.4248,4.0,4.0,4.0,4.0
0,617,0.4484,0.1284,0.4232,4.0,4.0,4.0,4.0
0,618,0.4506,0.1322,0.4172,4.0,4.0,4.0,4.0
0,619,0.4481,0.1344,0.4175,4.0,4.0,4.0,4.0
0,620,0.4452,0.1374,0.4174,4.0,4.0,4.0,4.0
0,621,0.4438,0.1404,0.4158,4.0,4.0,4.0,4.0
0,622,0.4377,0.1445,0.4178,4.0,4.0,4.0,4.0
0,623,0.4342,0.1449,0.4209,4.0,4.0,4.0,4.0
0,624,0.4357,0.1452,0.4191,4.0,4.0,4.0,4.0
0,625,0.4372,0.1485,0.4143,4.0,4.0,4.0,4.0
0,626,0.4401,0.1515,0.4084,4.0,4.0,4.0,4.0
0,627,0.4352,0.1552,0.4096,4.0,4.0,4.0,4.0
0,628,0.4371,0.1576,0.4053,4.0,4.0,4.0,4.0
0,629,0.4344,0.1569,0.4087,4.0,4.0,4.0,4.0
0,630,0.4383,0.1545,0.4072,4.0,4.0,4.0,4.0
0,631,0.4348,0.1591,0.4061,4.0,4.0,4.0,4.0
0,632,0.4274,0.1613,0.4113,4.0,4.0,4.0,4.0
0,633,0.4229,0.1644,0.4127,4.0,4.0,4.0,4.0
0,634,0.42,0.1669,0.4131,4.0,4.0,4.0,4.0
0,635,0.4186,0.1659,0.4155,4.0,4.0,4.0,4.0
0,636,0.4112,0.1668,0.422,4.0,4.0,4.0,4.0
0,637,0.41,0.1695,0.4205,4.0,4.0,4.0,4.0
0,638,0.4042,0.1678,0.428,4.0,4.0,4.0,4.0
0,639,0.3999,0.1635,0.4366,4.0,4.0,4.0,4.0
0,640,0.3968,0.1646,0.4386,4.0,4.0,4.0,4.0
0,641,0.3922,0.1646,0.4432,4.0,4.0,4.0,4.0
0,642,0.3909,0.1628,0.4463,4.0,4.0,4.0,4.0
0,643,0.3921,0.1594,0.4485,4.0,4.0,4.0,4.0
0,644,0.3956,0.1563,0.4481,4.0,4.0,4.0,4.0
0,645,0.3969,0.157,0.4461,4.0,4.0,4.0,4.0
0,646,0.3926,0.1595,0.4479,4.0,4.0,4.0,4.0
0,647,0.3916,0.1569,0.4515,4.0,4.0,4.0,4.0
0,648,0.3834,0.1565,0.4601,4.0,4.0,4.0,4.0
0,649,0.3808,0.1529,0.4663,4.0,4.0,4.0,4.0
0,650,0.378,0.1568,0.4652,4.0,4.0,4.0,4.0
0,651,0.3837,0.1544,0.4619,4.0,4.0,4.0,4.0
0,652,0.3835,0.1519,0.4646,4.0,4.0,4.0,4.0
0,653,0.3808,0.1473,0.4719,4.0,4.0,4.0,4.0
0,654,0.3783,0.1458,0.4759,4.0,4.0,4.0,4.0
0,655,0.375,0.1457,0.4793,4.0,4.0,4.0,4.0
0,656,0.371,0.1473,0.4817,4.0,4.0,4.0,4.0
0,657,0.3689,0.1479,0.4832,4.0,4.0,4.0,4.0
0,658,0.3683,0.1457,0.486,4.0,4.0,4.0,4.0
0,659,0.3668,0.1482,0.485,4.0,4.0,4.0,4.0
0,660,0.3633,0.1545,0.4822,4.0,4.0,4.0,4.0
0,661,0.3587,0.1557,0.4856,4.0,4.0,4.0,4.0
0,662,0.355,0.1567,0.4883,4.0,4.0,4.0,4.0
0,663,0.3516,0.1554,0.493,4.0,4.0,4.0,4.0
0,664,0.3432,0.1538,0.503,4.0,4.0,4.0,4.0
0,665,0.3396,0.1496,0.5108,4.0,4.0,4.0,4.0
0,666,0.3367,0.1464,0.5169,4.0,4.0,4.0,4.0
0,667,0.3367,0.144,0.5193,4.0,4.0,4.0,4.0
0,668,0.3305,0.1424,0.5271,4.0,4.0,4.0,4.0
0,669,0.327,0.1401,0.5329,4.0,4.0,4.0,4.0
0,670,0.3271,0.1346,0.5383,4.0,4.0,4.0,4.0
0,671,0.3267,0.1323,0.541,4.0,4.0,4.0,4.0
0,672,0.3271,0.1288,0.5441,4.0,4.0,4.0,4.0
0,673,0.3269,0.128,0.5451,4.0,4.0,4.0,4.0
0,674,0.3272,0.1267,0.5461,4.0,4.0,4.0,4.0
0,675,0.3235,0.1263,0.5502,4.0,4.0,4.0,4.0
0,676,0.3207,0.1247,0.5546,4.0,4.0,4.0,4.0
0,677,0.3205,0.1271,0.5524,4.0,4.0,4.0,4.0
0,678,0.3194,0.1272,0.5534,4.0,4.0,4.0,4.0
0,679,0.3238,0.1226,0.5536,4.0,4.0,4.0,4.0
0,680,0.3229,0.1214,0.5557,4.0,4.0,4.0,4.0
0,681,0.3223,0.118,0.5597,4.0,4.0,4.0,4.0
0,682,0.3241,0.1133,0.5626,4.0,4.0,4.0,4.0
0,683,0.3184,0.1158,0.5658,4.0,4.0,4.0,4.0
0,684,0.3173,0.114,0.5687,4.0,4.0,4.0,4.0
0,685,0.3228,0.1134,0.5638,4.0,4.0,4.0,4.0
0,686,0.323,0.1128,0.5642,4.0,4.0,4.0,4.0
0,687,0.3239,0.1117,0.5644,4.0,4.0,4.0,4.0
0,688,0.3204,0.1134,0.5662,4.0,4.0,4.0,4.0
0,689,0.3241,0.1121,0.5638,4.0,4.0,4.0,4.0
0,690,0.3249,0.1135,0.5616,4.0,4.0,4.0,4.0
0,691,0.3288,0.1197,0.5515,4.0,4.0,4.0,4.0
0,692,0.3275,0.123,0.5495,4.0,4.0,4.0,4.0
0,693,0.328,0.1278,0.5442,4.0,4.0,4.0,4.0
0,694,0.3289,0.1291,0.542,4.0,4.0,4.0,4.0
0,695,0.3322,0.1323,0.5355,4.0,4.0,4.0,4.0
0,696,0.3309,0.1341,0.535,4.0,4.0,4.0,4.0
0,697,0.3272,0.136,0.5368,4.0,4.0,4.0,4.0
0,698,0.3231,0.1347,0.5422,4.0,4.0,4.0,4.0
0,699,0.3205,0.1364,0.5431,4.0,4.0,4.0,4.0
0,700,0.3172,0.1367,0.5461,4.0,4.0,4.0,4.0
0,701,0.3147,0.1358,0.5495,4.0,4.0,4.0,4.0
0,702,0.3152,0.1341,0.5507,4.0,4.0,4.0,4.0
0,703,0.311,0.1376,0.5514,4.0,4.0,4.0,4.0
0,704,0.3112,0.1391,0.5497,4.0,4.0,4.0,4.0
0,705,0.3075,0.1408,0.5517,4.0,4.0,4.0,4.0
0,706,0.3107,0.1388,0.5505,4.0,4.0,4.0,4.0
0,707,0.3125,0.138,0.5495,4.0,4.0,4.0,4.0
0,708,0.3169,0.1383,0.5448,4.0,4.0,4.0,4.0
0,709,0.3159,0.1404,0.5437,4.0,4.0,4.0,4.0
0,710,0.3113,0.1408,0.5479,4.0,4.0,4.0,4.0
0,711,0.3082,0.1412,0.5506,4.0,4.0,4.0,4.0
0,712,0.3102,0.1386,0.5512,4.0,4.0,4.0,4.0
0,713,0.3094,0.1391,0.5515,4.0,4.0,4.0,4.0
0,714,0.3128,0.1377,0.5495,4.0,4.0,4.0,4.0
0,715,0.3136,0.134,0.5524,4.0,4.0,4.0,4.0
0,716,0.3132,0.1337,0.5531,4.0,4.0,4.0,4.0
0,717,0.3188,0.1335,0.5477,4.0,4.0,4.0,4.0
0,718,0.3257,0.1322,0.5421,4.0,4.0,4.0,4.0
0,719,0.3295,0.1316,0.5389,4.0,4.0,4.0,4.0
0,720,0.3302,0.1296,0.5402,4.0,4.0,4.0,4.0
0,721,0.3355,0.1245,0.54,4.0,4.0,4.0,4.0
0,722,0.332,0.1219,0.5461,4.0,4.0,4.0,4.0
0,723,0.3323,0.1203,0.5474,4.0,4.0,4.0,4.0
0,724,0.3315,0.1149,0.5536,4.0,4.0,4.0,4.0
0,725,0.3317,0.1144,0.5539,4.0,4.0,4.0,4.0
0,726,0.3314,0.1126,0.556,4.0,4.0,4.0,4.0
0,727,0.3325,0.1066,0.5609,4.0,4.0,4.0,4.0
0,728,0.3333,0.1031,0.5636,4.0,4.0,4.0,4.0
0,729,0.3342,0.1013,0.5645,4.0,4.0,4.0,4.0
0,730,0.3367,0.0979,0.5654,4.0,4.0,4.0,4.0
0,731,0.3399,0.0922,0.5679,4.0,4.0,4.0,4.0
0,732,0.3464,0.0896,0.564,4.0,4.0,4.0,4.0
0,733,0.3493,0.0907,0.56,4.0,4.0,4.0,4.0
0,734,0.3483,0.0904,0.5613,4.0,4.0,4.0,4.0
0,735,0.3451,0.0897,0.5652,4.0,4.0,4.0,4.0
0,736,0.3419,0.0926,0.5655,4.0,4.0,4.0,4.0
0,737,0.3442,0.0945,0.5613,4.0,4.0,4.0,4.0
0,738,0.3455,0.0949,0.5596,4.0,4.0,4.0,4.0
0,739,0.3443,0.0966,0.5591,4.0,4.0,4.0,4.0
0,740,0.3529,0.0953,0.5518,4.0,4.0,4.0,4.0
0,741,0.3489,0.0976,0.5535,4.0,4.0,4.0,4.0
0,742,0.3485,0.0989,0.5526,4.0,4.0,4.0,4.0
0,743,0.35,0.1003,0.5497,4.0,4.0,4.0,4.0
0,744,0.3465,0.1039,0.5496,4.0,4.0,4.0,4.0
0,745,0.3452,0.1067,0.5481,4.0,4.0,4.0,4.0
0,746,0.3388,0.1125,0.5487,4.0,4.0,4.0,4.0
0,747,0.3403,0.1122,0.5475,4.0,4.0,4.0,4.0
0,748,0.3409,0.1168,0.5423,4.0,4.0,4.0,4.0
0,749,0.341,0.1198,0.5392,4.0,4.0,4.0,4.0
0,750,0.3366,0.1226,0.5408,4.0,4.0,4.0,4.0
0,751,0.3363,0.1242,0.5395,4.0,4.0,4.0,4.0
0,752,0.3333,0.1271,0.5396,4.0,4.0,4.0,4.0
0,753,0.3268,0.1296,0.5436,4.0,4.0,4.0,4.0
0,754,0.3255,0.132,0.5425,4.0,4.0,4.0,4.0
0,755,0.327,0.1351,0.5379,4.0,4.0,4.0,4.0
0,756,0.3301,0.1355,0.5344,4.0,4.0,4.0,4.0
0,757,0.3337,0.1354,0.5309,4.0,4.0,4.0,4.0
0,758,0.3349,0.1379,0.5272,4.0,4.0,4.0,4.0
0,759,0.3318,0.1371,0.5311,4.0,4.0,4.0,4.0
0,760,0.3345,0.1393,0.5262,4.0,4.0,4.0,4.0
0,761,0.3396,0.1445,0.5159,4.0,4.0,4.0,4.0
0,762,0.3378,0.1449,0.5173,4.0,4.0,4.0,4.0
0,763,0.3388,0.1444,0.5168,4.0,4.0,4.0,4.0
0,764,0.3386,0.1435,0.5179,4.0,4.0,4.0,4.0
0,765,0.3408,0.1434,0.5158,4.0,4.0,4.0,4.0
0,766,0.3399,0.1445,0.5156,4.0,4.0,4.0,4.0
0,767,0.334,0.1473,0.5187,4.0,4.0,4.0,4.0
0,768,0.3297,0.1466,0.5237,4.0,4.0,4.0,4.0
0,769,0.3329,0.1463,0.5208,4.0,4.0,4.0,4.0
0,770,0.3325,0.1454,0.5221,4.0,4.0,4.0,4.0
0,771,0.3333,0.1447,0.522,4.0,4.0,4.0,4.0
0,772,0.3319,0.1437,0.5244,4.0,4.0,4.0,4.0
0,773,0.3402,0.1419,0.5179,4.0,4.0,4.0,4.0
0,774,0.3378,0.143,0.5192,4.0,4.0,4.0,4.0
0,775,0.3424,0.1412,0.5164,4.0,4.0,4.0,4.0
0,776,0.3371,0.1388,0.5241,4.0,4.0,4.0,4.0
0,777,0.3329,0.1406,0.5265,4.0,4.0,4.0,4.0
0,778,0.3397,0.1396,0.5207,4.0,4.0,4.0,4.0
0,779,0.3463,0.1394,0.5143,4.0,4.0,4.0,4.0
0,780,0.3453,0.1384,0.5163,4.0,4.0,4.0,4.0
0,781,0.3434,0.1399,0.5167,4.0,4.0,4.0,4.0
0,782,0.3391,0.1416,0.5193,4.0,4.0,4.0,4.0
0,783,0.3395,0.1418,0.5187,4.0,4.0,4.0,4.0
0,784,0.3391,0.1427,0.5182,4.0,4.0,4.0,4.0
0,785,0.3382,0.1439,0.5179,4.0,4.0,4.0,4.0
0,786,0.3387,0.1447,0.5166,4.0,4.0,4.0,4.0
0,787,0.3369,0.1423,0.5208,4.0,4.0,4.0,4.0
0,788,0.3388,0.1415,0.5197,4.0,4.0,4.0,4.0
0,789,0.3383,0.1385,0.5232,4.0,4.0,4.0,4.0
0,790,0.3386,0.1345,0.5269,4.0,4.0,4.0,4.0
0,791,0.3383,0.1337,0.528,4.0,4.0,4.0,4.0
0,792,0.3401,0.1287,0.5312,4.0,4.0,4.0,4.0
0,793,0.3407,0.1219,0.5374,4.0,4.0,4.0,4.0
0,794,0.3417,0.1191,0.5392,4.0,4.0,4.0,4.0
0,795,0.3413,0.1138,0.5449,4.0,4.0,4.0,4.0
0,796,0.3422,0.109,0.5488,4.0,4.0,4.0,4.0
0,797,0.3384,0.1062,0.5554,4.0,4.0,4.0,4.0
0,798,0.3396,0.1033,0.5571,4.0,4.0,4.0,4.0
0,799,0.346,0.1015,0.5525,4.0,4.0,4.0,4.0
0,800,0.3466,0.0985,0.5549,4.0,4.0,4.0,4.0
0,801,0.3471,0.0921,0.5608,4.0,4.0,4.0,4.0
0,802,0.352,0.0887,0.5593,4.0,4.0,4.0,4.0
0,803,0.3539,0.0883,0.5578,4.0,4.0,4.0,4.0
0,804,0.3591,0.0871,0.5538,4.0,4.0,4.0,4.0
0,805,0.3576,0.0863,0.5561,4.0,4.0,4.0,4.0
0,806,0.3607,0.0837,0.5556,4.0,4.0,4.0,4.0
0,807,0.3658,0.0823,0.5519,4.0,4.0,4.0,4.0
0,808,0.366,0.0827,0.5513,4.0,4.0,4.0,4.0
0,809,0.3675,0.0846,0.5479,4.0,4.0,4.0,4.0
0,810,0.3686,0.0854,0.546,4.0,4.0,4.0,4.0
0,811,0.3756,0.0848,0.5396,4.0,4.0,4.0,4.0
0,812,0.3796,0.0833,0.5371,4.0,4.0,4.0,4.0
0,813,0.3796,0.0823,0.5381,4.0,4.0,4.0,4.0
0,814,0.3778,0.088,0.5342,4.0,4.0,4.0,4.0
0,815,0.3739,0.0904,0.5357,4.0,4.0,4.0,4.0
0,816,0.3698,0.0955,0.5347,4.0,4.0,4.0,4.0
0,817,0.3663,0.0983,0.5354,4.0,4.0,4.0,4.0
0,818,0.3596,0.1016,0.5388,4.0,4.0,4.0,4.0
0,819,0.3615,0.1048,0.5337,4.0,4.0,4.0,4.0
0,820,0.3597,0.1088,0.5315,4.0,4.0,4.0,4.0
0,821,0.356,0.1106,0.5334,4.0,4.0,4.0,4.0
0,822,0.3541,0.1093,0.5366,4.0,4.0,4.0,4.0
0,823,0.36,0.1097,0.5303,4.0,4.0,4.0,4.0
0,824,0.3627,0.1088,0.5285,4.0,4.0,4.0,4.0
0,825,0.3613,0.1074,0.5313,4.0,4.0,4.0,4.0
0,826,0.3656,0.1047,0.5297,4.0,4.0,4.0,4.0
0,827,0.3711,0.1056,0.5233,4.0,4.0,4.0,4.0
0,828,0.3773,0.1044,0.5183,4.0,4.0,4.0,4.0
0,829,0.3825,0.1071,0.5104,4.0,4.0,4.0,4.0
0,830,0.3789,0.1083,0.5128,4.0,4.0,4.0,4.0
0,831,0.3776,0.1095,0.5129,4.0,4.0,4.0,4.0
0,832,0.3752,0.1065,0.5183,4.0,4.0,4.0,4.0
0,833,0.3789,0.1063,0.5148,4.0,4.0,4.0,4.0
0,834,0.3753,0.1069,0.5178,4.0,4.0,4.0,4.0
0,835,0.3768,0.1081,0.5151,4.0,4.0,4.0,4.0
0,836,0.3803,0.1075,0.5122,4.0,4.0,4.0,4.0
0,837,0.3794,0.1096,0.511,4.0,4.0,4.0,4.0
0,838,0.3812,0.1125,0.5063,4.0,4.0,4.0,4.0
0,839,0.3799,0.116,0.5041,4.0,4.0,4.0,4.0
0,840,0.3759,0.1208,0.5033,4.0,4.0,4.0,4.0
0,841,0.3716,0.1257,0.5027,4.0,4.0,4.0,4.0
0,842,0.3667,0.1275,0.5058,4.0,4.0,4.0,4.0
0,843,0.3615,0.1292,0.5093,4.0,4.0,4.0,4.0
0,844,0.3562,0.133,0.5108,4.0,4.0,4.0,4.0
0,845,0.3558,0.1362,0.508,4.0,4.0,4.0,4.0
0,846,0.3561,0.1388,0.5051,4.0,4.0,4.0,4.0
0,847,0.3535,0.1411,0.5054,4.0,4.0,4.0,4.0
0,848,0.3518,0.1439,0.5043,4.0,4.0,4.0,4.0
0,849,0.3494,0.1473,0.5033,4.0,4.0,4.0,4.0
0,850,0.3526,0.1479,0.4995,4.0,4.0,4.0,4.0
0,851,0.3495,0.148,0.5025,4.0,4.0,4.0,4.0
0,852,0.3492,0.1503,0.5005,4.0,4.0,4.0,4.0
0,853,0.3457,0.1501,0.5042,4.0,4.0,4.0,4.0
0,854,0.3462,0.1495,0.5043,4.0,4.0,4.0,4.0
0,855,0.3437,0.1493,0.507,4.0,4.0,4.0,4.0
0,856,0.3413,0.1478,0.5109,4.0,4.0,4.0,4.0
0,857,0.3375,0.1479,0.5146,4.0,4.0,4.0,4.0
0,858,0.3321,0.1505,0.5174,4.0,4.0,4.0,4.0
0,859,0.3317,0.1489,0.5194,4.0,4.0,4.0,4.0
0,860,0.3309,0.1515,0.5176,4.0,4.0,4.0,4.0
0,861,0.3362,0.1516,0.5122,4.0,4.0,4.0,4.0
0,862,0.3404,0.1495,0.5101,4.0,4.0,4.0,4.0
0,863,0.3433,0.1469,0.5098,4.0,4.0,4.0,4.0
0,864,0.3442,0.1434,0.5124,4.0,4.0,4.0,4.0
0,865,0.3425,0.1395,0.518,4.0,4.0,4.0,4.0
0,866,0.3466,0.1381,0.5153,4.0,4.0,4.0,4.0
0,867,0.353,0.1282,0.5188,4.0,4.0,4.0,4.0
0,868,0.3592,0.1239,0.5169,4.0,4.0,4.0,4.0
0,869,0.362,0.124,0.514,4.0,4.0,4.0,4.0
0,870,0.3639,0.1218,0.5143,4.0,4.0,4.0,4.0
0,871,0.366,0.1181,0.5159,4.0,4.0,4.0,4.0
0,872,0.3637,0.12,0.5163,4.0,4.0,4.0,4.0
0,873,0.3628,0.1159,0.5213,4.0,4.0,4.0,4.0
0,874,0.3599,0.1141,0.526,4.0,4.0,4.0,4.0
0,875,0.3572,0.1121,0.5307,4.0,4.0,4.0,4.0
0,876,0.3601,0.1101,0.5298,4.0,4.0,4.0,4.0
0,877,0.3661,0.1081,0.5258,4.0,4.0,4.0,4.0
0,878,0.363,0.1076,0.5294,4.0,4.0,4.0,4.0
0,879,0.3609,0.109,0.5301,4.0,4.0,4.0,4.0
0,880,0.3597,0.1114,0.5289,4.0,4.0,4.0,4.0
0,881,0.3671,0.1084,0.5245,4.0,4.0,4.0,4.0
0,882,0.3658,0.1066,0.5276,4.0,4.0,4.0,4.0
0,883,0.3684,0.104,0.5276,4.0,4.0,4.0,4.0
0,884,0.3685,0.103,0.5285,4.0,4.0,4.0,4.0
0,885,0.3663,0.1045,0.5292,4.0,4.0,4.0,4.0
0,886,0.3712,0.1049,0.5239,4.0,4.0,4.0,4.0
0,887,0.3757,0.1032,0.5211,4.0,4.0,4.0,4.0
0,888,0.3777,0.1068,0.5155,4.0,4.0,4.0,4.0
0,889,0.3792,0.1099,0.5109,4.0,4.0,4.0,4.0
0,890,0.3767,0.1089,0.5144,4.0,4.0,4.0,4.0
0,891,0.3719,0.1084,0.5197,4.0,4.0,4.0,4.0
0,892,0.3717,0.1135,0.5148,4.0,4.0,4.0,4.0
0,893,0.3687,0.1177,0.5136,4.0,4.0,4.0,4.0
0,894,0.3654,0.1204,0.5142,4.0,4.0,4.0,4.0
0,895,0.3617,0.1225,0.5158,4.0,4.0,4.0,4.0
0,896,0.3606,0.1262,0.5132,4.0,4.0,4.0,4.0
0,897,0.3553,0.1349,0.5098,4.0,4.0,4.0,4.0
0,898,0.3484,0.1372,0.5144,4.0,4.0,4.0,4.0
0,899,0.3453,0.1362,0.5185,4.0,4.0,4.0,4.0
0,900,0.3435,0.1343,0.5222,4.0,4.0,4.0,4.0
0,901,0.3404,0.136,0.5236,4.0,4.0,4.0,4.0
0,902,0.3348,0.1359,0.5293,4.0,4.0,4.0,4.0
0,903,0.3311,0.1365,0.5324,4.0,4.0,4.0,4.0
0,904,0.3286,0.1394,0.532,4.0,4.0,4.0,4.0
0,905,0.3279,0.1384,0.5337,4.0,4.0,4.0,4.0
0,906,0.3265,0.1388,0.5347,4.0,4.0,4.0,4.0
0,907,0.3248,0.1359,0.5393,4.0,4.0,4.0,4.0
0,908,0.3201,0.1374,0.5425,4.0,4.0,4.0,4.0
0,909,0.3273,0.1325,0.5402,4.0,4.0,4.0,4.0
0,910,0.3334,0.129,0.5376,4.0,4.0,4.0,4.0
0,911,0.3374,0.1286,0.534,4.0,4.0,4.0,4.0
0,912,0.336,0.1303,0.5337,4.0,4.0,4.0,4.0
0,913,0.3349,0.1274,0.5377,4.0,4.0,4.0,4.0
0,914,0.3286,0.1246,0.5468,4.0,4.0,4.0,4.0
0,915,0.3262,0.1215,0.5523,4.0,4.0,4.0,4.0
0,916,0.3283,0.1203,0.5514,4.0,4.0,4.0,4.0
0,917,0.3288,0.1207,0.5505,4.0,4.0,4.0,4.0
0,918,0.3322,0.1201,0.5477,4.0,4.0,4.0,4.0
0,919,0.332,0.1167,0.5513,4.0,4.0,4.0,4.0
0,920,0.3366,0.1135,0.5499,4.0,4.0,4.0,4.0
0,921,0.3391,0.1128,0.5481,4.0,4.0,4.0,4.0
0,922,0.3411,0.1127,0.5462,4.0,4.0,4.0,4.0
0,923,0.3466,0.1079,0.5455,4.0,4.0,4.0,4.0
0,924,0.3535,0.1048,0.5417,4.0,4.0,4.0,4.0
0,925,0.3523,0.1023,0.5454,4.0,4.0,4.0,4.0
0,926,0.3596,0.1006,0.5398,4.0,4.0,4.0,4.0
0,927,0.3618,0.0979,0.5403,4.0,4.0,4.0,4.0
0,928,0.3642,0.0952,0.5406,4.0,4.0,4.0,4.0
0,929,0.3709,0.0956,0.5335,4.0,4.0,4.0,4.0
0,930,0.3709,0.0966,0.5325,4.0,4.0,4.0,4.0
0,931,0.3742,0.0953,0.5305,4.0,4.0,4.0,4.0
0,932,0.371,0.0962,0.5328,4.0,4.0,4.0,4.0
0,933,0.3745,0.0968,0.5287,4.0,4.0,4.0,4.0
0,934,0.3741,0.0957,0.5302,4.0,4.0,4.0,4.0
0,935,0.3748,0.0952,0.53,4.0,4.0,4.0,4.0
0,936,0.3794,0.0923,0.5283,4.0,4.0,4.0,4.0
0,937,0.3861,0.0898,0.5241,4.0,4.0,4.0,4.0
0,938,0.3935,0.0864,0.5201,4.0,4.0,4.0,4.0
0,939,0.3954,0.0874,0.5172,4.0,4.0,4.0,4.0
0,940,0.3994,0.088,0.5126,4.0,4.0,4.0,4.0
0,941,0.4023,0.0899,0.5078,4.0,4.0,4.0,4.0
0,942,0.4069,0.091,0.5021,4.0,4.0,4.0,4.0
0,943,0.4092,0.094,0.4968,4.0,4.0,4.0,4.0
0,944,0.4088,0.0969,0.4943,4.0,4.0,4.0,4.0
0,945,0.4151,0.0985,0.4864,4.0,4.0,4.0,4.0
0,946,0.4149,0.1029,0.4822,4.0,4.0,4.0,4.0
0,947,0.4144,0.1042,0.4814,4.0,4.0,4.0,4.0
0,948,0.414,0.1052,0.4808,4.0,4.0,4.0,4.0
0,949,0.4147,0.1082,0.4771,4.0,4.0,4.0,4.0
0,950,0.4148,0.11,0.4752,4.0,4.0,4.0,4.0
0,951,0.4162,0.1105,0.4733,4.0,4.0,4.0,4.0
0,952,0.4133,0.1153,0.4714,4.0,4.0,4.0,4.0
0,953,0.4173,0.1185,0.4642,4.0,4.0,4.0,4.0
0,954,0.416,0.1217,0.4623,4.0,4.0,4.0,4.0
0,955,0.4144,0.1226,0.463,4.0,4.0,4.0,4.0
0,956,0.4157,0.1251,0.4592,4.0,4.0,4.0,4.0
0,957,0.4179,0.1254,0.4567,4.0,4.0,4.0,4.0
0,958,0.4193,0.1251,0.4556,4.0,4.0,4.0,4.0
0,959,0.4237,0.1245,0.4518,4.0,4.0,4.0,4.0
0,960,0.4183,0.126,0.4557,4.0,4.0,4.0,4.0
0,961,0.4219,0.1268,0.4513,4.0,4.0,4.0,4.0
0,962,0.4236,0.1274,0.449,4.0,4.0,4.0,4.0
0,963,0.4231,0.1268,0.4501,4.0,4.0,4.0,4.0
0,964,0.4288,0.1247,0.4465,4.0,4.0,4.0,4.0
0,965,0.4328,0.1256,0.4416,4.0,4.0,4.0,4.0
0,966,0.4315,0.1286,0.4399,4.0,4.0,4.0,4.0
0,967,0.4358,0.1298,0.4344,4.0,4.0,4.0,4.0
0,968,0.4338,0.1332,0.433,4.0,4.0,4.0,4.0
0,969,0.4325,0.1369,0.4306,4.0,4.0,4.0,4.0
0,970,0.4351,0.1391,0.4258,4.0,4.0,4.0,4.0
0,971,0.4297,0.1399,0.4304,4.0,4.0,4.0,4.0
0,972,0.4236,0.146,0.4304,4.0,4.0,4.0,4.0
0,973,0.4263,0.1489,0.4248,4.0,4.0,4.0,4.0
0,974,0.4224,0.1545,0.4231,4.0,4.0,4.0,4.0
0,975,0.4177,0.1591,0.4232,4.0,4.0,4.0,4.0
0,976,0.4146,0.1592,0.4262,4.0,4.0,4.0,4.0
0,977,0.411,0.162,0.427,4.0,4.0,4.0,4.0
0,978,0.4051,0.1648,0.4301,4.0,4.0,4.0,4.0
0,979,0.3972,0.166,0.4368,4.0,4.0,4.0,4.0
0,980,0.3944,0.168,0.4376,4.0,4.0,4.0,4.0
0,981,0.3914,0.1678,0.4408,4.0,4.0,4.0,4.0
0,982,0.3895,0.1647,0.4458,4.0,4.0,4.0,4.0
0,983,0.3854,0.1642,0.4504,4.0,4.0,4.0,4.0
0,984,0.3833,0.1616,0.4551,4.0,4.0,4.0,4.0
0,985,0.3741,0.159,0.4669,4.0,4.0,4.0,4.0
0,986,0.3739,0.1566,0.4695,4.0,4.0,4.0,4.0
0,987,0.3689,0.1604,0.4707,4.0,4.0,4.0,4.0
0,988,0.3663,0.1581,0.4756,4.0,4.0,4.0,4.0
0,989,0.3566,0.1615,0.4819,4.0,4.0,4.0,4.0
0,990,0.3478,0.1669,0.4853,4.0,4.0,4.0,4.0
0,991,0.3424,0.1664,0.4912,4.0,4.0,4.0,4.0
0,992,0.3362,0.1665,0.4973,4.0,4.0,4.0,4.0
0,993,0.3339,0.168,0.4981,4.0,4.0,4.0,4.0
0,994,0.3276,0.1703,0.5021,4.0,4.0,4.0,4.0
0,995,0.322,0.1716,0.5064,4.0,4.0,4.0,4.0
0,996,0.3177,0.1751,0.5072,4.0,4.0,4.0,4.0
0,997,0.3136,0.1746,0.5118,4.0,4.0,4.0,4.0
0,998,0.3108,0.1714,0.5178,4.0,4.0,4.0,4.0
0,999,0.3066,0.1715,0.5219,4.0,4.0,4.0,4.0
0,1000,0.2937,0.1768,0.5295,4.0,4.0,4.0,4.0
